{"cameraMode":{"drawMode":0,"name":"Shaded","section":"Shading Mode"},"sceneLighting":true,"audioPlay":false,"sceneViewState":{"showFog":true,"showMaterialUpdate":false,"showSkybox":true,"showFlares":true,"showImageEffects":true,"showParticleSystems":true,"showVisualEffectGraphs":true,"m_FxEnabled":true},"in2DMode":false,"pivot":{"x":3.1870274543762209,"y":-8.599401473999024,"z":-5.156987190246582},"rotation":{"x":-0.013768107630312443,"y":-0.9122419357299805,"z":0.40826836228370669,"w":-0.030762357637286187},"size":15.864213943481446,"orthographic":false}