{"cameraMode":{"drawMode":0,"name":"Shaded","section":"Shading Mode"},"sceneLighting":true,"audioPlay":false,"sceneViewState":{"showFog":true,"showMaterialUpdate":false,"showSkybox":true,"showFlares":true,"showImageEffects":true,"showParticleSystems":true,"showVisualEffectGraphs":true,"m_FxEnabled":true},"in2DMode":false,"pivot":{"x":20.806472778320314,"y":3.9954047203063967,"z":10.863594055175782},"rotation":{"x":-0.036432020366191867,"y":-0.6997060179710388,"z":0.03333478793501854,"w":-0.7148382067680359},"size":1.850353479385376,"orthographic":false}