{"cameraMode":{"drawMode":0,"name":"Shaded","section":"Shading Mode"},"sceneLighting":false,"audioPlay":false,"sceneViewState":{"showFog":true,"showMaterialUpdate":false,"showSkybox":false,"showFlares":true,"showImageEffects":true,"showParticleSystems":true,"showVisualEffectGraphs":true,"m_FxEnabled":true},"in2DMode":false,"pivot":{"x":4.76837158203125e-7,"y":1.6007537841796876,"z":-0.0034074783325195314},"rotation":{"x":0.16443553566932679,"y":-0.5540283918380737,"z":0.11235037446022034,"w":0.8095118999481201},"size":12.12435531616211,"orthographic":false}