{"cameraMode":{"drawMode":0,"name":"Shaded","section":"Shading Mode"},"sceneLighting":false,"audioPlay":false,"sceneViewState":{"showFog":true,"showMaterialUpdate":false,"showSkybox":false,"showFlares":true,"showImageEffects":true,"showParticleSystems":true,"showVisualEffectGraphs":true,"m_FxEnabled":true},"in2DMode":false,"pivot":{"x":0.09539870917797089,"y":1.1409333944320679,"z":0.08766015619039536},"rotation":{"x":0.1356431543827057,"y":-0.6880064010620117,"z":0.13325180113315583,"w":0.7003533840179443},"size":0.4657866954803467,"orthographic":false}