{"cameraMode":{"drawMode":0,"name":"Shaded","section":"Shading Mode"},"sceneLighting":false,"audioPlay":false,"sceneViewState":{"showFog":true,"showMaterialUpdate":false,"showSkybox":false,"showFlares":true,"showImageEffects":true,"showParticleSystems":true,"showVisualEffectGraphs":true,"m_FxEnabled":true},"in2DMode":false,"pivot":{"x":2.672879695892334,"y":0.061005353927612308,"z":1.9796239137649537},"rotation":{"x":-0.07310237735509873,"y":0.910058856010437,"z":-0.17995990812778474,"w":-0.36868852376937868},"size":1.4142135381698609,"orthographic":false}